{
  "issues": [
    {
      "name": "mr.yadav.tech/css-assignment",
      "total": 5,
      "open": 2,
      "my_issues": 2,
      "id": 1,
      "isCompleted": false
    },
    {
      "name": "mr.yadav.tech/html-assignment",
      "total": 6,
      "open": 3,
      "my_issues": 1,
      "id": 2,
      "isCompleted": false
    },
    {
      "name": "mr.yadav.tech/react-assignment",
      "total": 4,
      "open": 1,
      "my_issues": 0,
      "id": 3,
      "isCompleted": false
    },
    {
      "name": "mr.yadav.tech/java-assignment",
      "total": 7,
      "open": 4,
      "my_issues": 3,
      "id": 4,
      "isCompleted": false
    },
    {
      "name": "mr.yadav.tech/html-assignment",
      "total": 0,
      "open": 0,
      "my_issues": 0,
      "isCompleted": false,
      "id": 5
    },
    {
      "name": "mr.yadav.tech/node-assignment",
      "total": 0,
      "open": 0,
      "my_issues": 0,
      "isCompleted": false,
      "id": 6
    }
  ]
}