{
  "movies": [
    {
      "id": "1",
      "title": "Don",
      "releaseDate": "1975",
      "posterPath": "images/don.jpg"
    },
    {
      "id": "2",
      "title": "Lagaan",
      "releaseDate": "2004",
      "posterPath": "images/lagaan.jpg"
    },
    {
      "id": "3",
      "title": "Raw Deal",
      "releaseDate": "1983",
      "posterPath": "images/rawDeal.jpg"
    }
  ],
  "favourites": [
    {
      "id": "1",
      "title": "Don",
      "releaseDate": "1975",
      "posterPath": "images/don.jpg"
    },
    {
      "id": "2",
      "title": "Lagaan",
      "releaseDate": "2004",
      "posterPath": "images/lagaan.jpg"
    }
  ]
}